dataset,method,run_id,alignment,test_accuracy,train_time_sec,circuits_total,subcentroids,noise_level,mitigation,n_samples,centroid_method
double_cake,ccka,ccka_lr0_1_lr0_01_lr0_01_optgd_epochs100_epochs0_001_epochs0_001_clusters2__rep1,0.20358586311340332,0.875,347.257127,800,2,0.01,,40,off
double_cake,ccka,ccka_lr0_1_lr0_01_lr0_01_optgd_epochs100_epochs0_001_epochs0_001_clusters4__rep1,0.16411396861076355,0.875,356.184958,1600,4,0.01,,40,off
double_cake,ccka,ccka_lr0_1_lr0_01_lr0_01_optgd_epochs100_epochs0_001_epochs0_001_clusters6__rep1,0.19876672327518463,0.9375,361.688416,2400,6,0.01,,40,off
double_cake,ccka,ccka_lr0_1_lr0_01_lr0_01_optgd_epochs100_epochs0_001_epochs0_001_clusters8__rep1,0.1939239799976349,0.875,364.089966,3200,8,0.01,,40,off
double_cake,ccka,ccka_lr0_1_lr0_01_lr0_01_optgd_epochs100_epochs0_001_epochs0_001_clusters10__rep1,0.16054017841815948,0.9375,373.596109,4000,10,0.01,,40,off
double_cake,ccka,ccka_lr0_1_lr0_01_lr0_01_optgd_epochs100_epochs0_001_epochs0_001_clusters2__rep1,0.17637252807617188,1.0,806.277325,800,2,0.01,,60,off
double_cake,ccka,ccka_lr0_1_lr0_01_lr0_01_optgd_epochs100_epochs0_001_epochs0_001_clusters4__rep1,0.1810365468263626,1.0,836.450054,1600,4,0.01,,60,off
double_cake,ccka,ccka_lr0_1_lr0_01_lr0_01_optgd_epochs100_epochs0_001_epochs0_001_clusters6__rep1,0.216077521443367,0.9583333333333334,855.213872,2400,6,0.01,,60,off
double_cake,ccka,ccka_lr0_1_lr0_01_lr0_01_optgd_epochs100_epochs0_001_epochs0_001_clusters8__rep1,0.185172438621521,1.0,871.886567,3200,8,0.01,,60,off
double_cake,ccka,ccka_lr0_1_lr0_01_lr0_01_optgd_epochs100_epochs0_001_epochs0_001_clusters10__rep1,0.21045871078968048,1.0,944.594723,4000,10,0.01,,60,off
double_cake,ccka,ccka_lr0_1_lr0_01_lr0_01_optgd_epochs100_epochs0_001_epochs0_001_clusters2__rep1,0.1592785269021988,0.925,3213.153529,800,2,0.01,,100,off
double_cake,ccka,ccka_lr0_1_lr0_01_lr0_01_optgd_epochs100_epochs0_001_epochs0_001_clusters4__rep1,0.1765182763338089,0.925,3292.662752,1600,4,0.01,,100,off
double_cake,ccka,ccka_lr0_1_lr0_01_lr0_01_optgd_epochs100_epochs0_001_epochs0_001_clusters6__rep1,0.18691833317279816,0.925,3304.178874,2400,6,0.01,,100,off
double_cake,ccka,ccka_lr0_1_lr0_01_lr0_01_optgd_epochs100_epochs0_001_epochs0_001_clusters2__rep1,0.1666978895664215,0.8125,376.062702,800,2,0.01,,40,on
double_cake,ccka,ccka_lr0_1_lr0_01_lr0_01_optgd_epochs100_epochs0_001_epochs0_001_clusters4__rep1,0.18100179731845856,0.9375,391.094917,1600,4,0.01,,40,on
double_cake,ccka,ccka_lr0_1_lr0_01_lr0_01_optgd_epochs100_epochs0_001_epochs0_001_clusters6__rep1,0.14952147006988525,0.9375,394.123179,2400,6,0.01,,40,on
double_cake,ccka,ccka_lr0_1_lr0_01_lr0_01_optgd_epochs100_epochs0_001_epochs0_001_clusters8__rep1,0.17022456228733063,0.9375,403.901977,3200,8,0.01,,40,on
double_cake,ccka,ccka_lr0_1_lr0_01_lr0_01_optgd_epochs100_epochs0_001_epochs0_001_clusters8__rep1,0.16562674939632416,0.925,2874.604134,3200,8,0.01,,100,off
double_cake,ccka,ccka_lr0_1_lr0_01_lr0_01_optgd_epochs100_epochs0_001_epochs0_001_clusters10__rep1,0.18661296367645264,0.9375,393.778846,4000,10,0.01,,40,on
double_cake,ccka,ccka_lr0_1_lr0_01_lr0_01_optgd_epochs100_epochs0_001_epochs0_001_clusters10__rep1,0.170908123254776,0.925,2796.540601,4000,10,0.01,,100,off
double_cake,ccka,ccka_lr0_1_lr0_01_lr0_01_optgd_epochs100_epochs0_001_epochs0_001_clusters2__rep1,0.16778331995010376,0.9583333333333334,796.801805,800,2,0.01,,60,on
double_cake,ccka,ccka_lr0_1_lr0_01_lr0_01_optgd_epochs100_epochs0_001_epochs0_001_clusters4__rep1,0.17183324694633484,1.0,799.509345,1600,4,0.01,,60,on
double_cake,ccka,ccka_lr0_1_lr0_01_lr0_01_optgd_epochs100_epochs0_001_epochs0_001_clusters6__rep1,0.1673441380262375,0.9166666666666666,799.241404,2400,6,0.01,,60,on
double_cake,ccka,ccka_lr0_1_lr0_01_lr0_01_optgd_epochs100_epochs0_001_epochs0_001_clusters8__rep1,0.19854184985160828,1.0,814.607938,3200,8,0.01,,60,on
double_cake,ccka,ccka_lr0_1_lr0_01_lr0_01_optgd_epochs100_epochs0_001_epochs0_001_clusters10__rep1,0.1971919685602188,1.0,823.318710,4000,10,0.01,,60,on
double_cake,ccka,ccka_lr0_1_lr0_01_lr0_01_optgd_epochs100_epochs0_001_epochs0_001_clusters2__rep1,0.1794002801179886,0.925,3351.699510,800,2,0.01,,100,on
double_cake,ccka,ccka_lr0_1_lr0_01_lr0_01_optgd_epochs100_epochs0_001_epochs0_001_clusters4__rep1,0.16639487445354462,0.925,3457.623308,1600,4,0.01,,100,on
double_cake,ccka,ccka_lr0_1_lr0_01_lr0_01_optgd_epochs100_epochs0_001_epochs0_001_clusters6__rep1,0.1440230756998062,0.925,3486.163757,2400,6,0.01,,100,on
double_cake,ccka,ccka_lr0_1_lr0_01_lr0_01_optgd_epochs100_epochs0_001_epochs0_001_clusters8__rep1,0.19199615716934204,0.925,13137.124492,3200,8,0.01,,100,on
double_cake,ccka,ccka_lr0_1_lr0_01_lr0_01_optgd_epochs100_epochs0_001_epochs0_001_clusters10__rep1,0.1913619488477707,0.925,13036.867185,4000,10,0.01,,100,on
double_cake,ccka,ccka_lr0_1_lr0_01_lr0_01_optgd_epochs100_epochs0_001_epochs0_001_clusters2__rep1,0.17441493272781372,0.625,87.067435,800,2,0.01,,20,off
double_cake,ccka,ccka_lr0_1_lr0_01_lr0_01_optgd_epochs100_epochs0_001_epochs0_001_clusters4__rep1,0.1994016021490097,0.875,93.446920,1600,4,0.01,,20,off
double_cake,ccka,ccka_lr0_1_lr0_01_lr0_01_optgd_epochs100_epochs0_001_epochs0_001_clusters6__rep1,0.18320371210575104,0.75,100.107884,2400,6,0.01,,20,off
double_cake,ccka,ccka_lr0_1_lr0_01_lr0_01_optgd_epochs100_epochs0_001_epochs0_001_clusters8__rep1,0.19495829939842224,1.0,106.548085,3200,8,0.01,,20,off
double_cake,ccka,ccka_lr0_1_lr0_01_lr0_01_optgd_epochs100_epochs0_001_epochs0_001_clusters10__rep1,0.20937393605709076,0.875,112.036343,4000,10,0.01,,20,off
double_cake,ccka,ccka_lr0_1_lr0_01_lr0_01_optgd_epochs100_epochs0_001_epochs0_001_clusters2__rep1,0.18774089217185974,0.9166666666666666,193.367334,800,2,0.01,,30,off
double_cake,ccka,ccka_lr0_1_lr0_01_lr0_01_optgd_epochs100_epochs0_001_epochs0_001_clusters4__rep1,0.1613566279411316,1.0,200.397377,1600,4,0.01,,30,off
double_cake,ccka,ccka_lr0_1_lr0_01_lr0_01_optgd_epochs100_epochs0_001_epochs0_001_clusters6__rep1,0.19444161653518677,0.9166666666666666,204.720684,2400,6,0.01,,30,off
double_cake,ccka,ccka_lr0_1_lr0_01_lr0_01_optgd_epochs100_epochs0_001_epochs0_001_clusters8__rep1,0.18319734930992126,0.8333333333333334,215.053362,3200,8,0.01,,30,off
double_cake,ccka,ccka_lr0_1_lr0_01_lr0_01_optgd_epochs100_epochs0_001_epochs0_001_clusters2__rep1,0.17441493272781372,0.625,84.920614,800,2,0.0,,20,off
double_cake,ccka,ccka_lr0_1_lr0_01_lr0_01_optgd_epochs100_epochs0_001_epochs0_001_clusters4__rep1,0.1994016021490097,0.875,90.653513,1600,4,0.0,,20,off
double_cake,ccka,ccka_lr0_1_lr0_01_lr0_01_optgd_epochs100_epochs0_001_epochs0_001_clusters6__rep1,0.18320371210575104,0.75,97.414645,2400,6,0.0,,20,off
double_cake,ccka,ccka_lr0_1_lr0_01_lr0_01_optgd_epochs100_epochs0_001_epochs0_001_clusters8__rep1,0.19495829939842224,1.0,102.935887,3200,8,0.0,,20,off
double_cake,ccka,ccka_lr0_1_lr0_01_lr0_01_optgd_epochs100_epochs0_001_epochs0_001_clusters10__rep1,0.20937393605709076,0.875,109.085319,4000,10,0.0,,20,off
double_cake,ccka,ccka_lr0_1_lr0_01_lr0_01_optgd_epochs100_epochs0_001_epochs0_001_clusters2__rep1,0.18774089217185974,0.9166666666666666,188.901881,800,2,0.0,,30,off
double_cake,ccka,ccka_lr0_1_lr0_01_lr0_01_optgd_epochs100_epochs0_001_epochs0_001_clusters4__rep1,0.1613566279411316,1.0,195.586884,1600,4,0.0,,30,off
double_cake,ccka,ccka_lr0_1_lr0_01_lr0_01_optgd_epochs100_epochs0_001_epochs0_001_clusters6__rep1,0.19444161653518677,0.9166666666666666,202.516008,2400,6,0.0,,30,off
double_cake,ccka,ccka_lr0_1_lr0_01_lr0_01_optgd_epochs100_epochs0_001_epochs0_001_clusters8__rep1,0.18319734930992126,0.8333333333333334,208.833428,3200,8,0.0,,30,off
double_cake,ccka,ccka_lr0_1_lr0_01_lr0_01_optgd_epochs100_epochs0_001_epochs0_001_clusters10__rep1,0.20872735977172852,0.9166666666666666,214.660232,4000,10,0.0,,30,off
double_cake,ccka,ccka_lr0_1_lr0_01_lr0_01_optgd_epochs100_epochs0_001_epochs0_001_clusters2__rep1,0.1817834973335266,0.85,529.731548,800,2,0.0,,50,off
double_cake,ccka,ccka_lr0_1_lr0_01_lr0_01_optgd_epochs100_epochs0_001_epochs0_001_clusters4__rep1,0.186854287981987,0.85,537.413459,1600,4,0.0,,50,off
double_cake,ccka,ccka_lr0_1_lr0_01_lr0_01_optgd_epochs100_epochs0_001_epochs0_001_clusters6__rep1,0.18133777379989624,0.85,776.640451,2400,6,0.0,,50,off
double_cake,ccka,ccka_lr0_1_lr0_01_lr0_01_optgd_epochs100_epochs0_001_epochs0_001_clusters8__rep1,0.1763102114200592,0.9,785.736483,3200,8,0.0,,50,off
double_cake,ccka,ccka_lr0_1_lr0_01_lr0_01_optgd_epochs100_epochs0_001_epochs0_001_clusters10__rep1,0.18582861125469208,0.85,556.483126,4000,10,0.0,,50,off
double_cake,ccka,ccka_lr0_1_lr0_01_lr0_01_optgd_epochs100_epochs0_001_epochs0_001_clusters2__rep1,0.11144950240850449,0.8928571428571429,1079.890853,800,2,0.0,,70,off
double_cake,ccka,ccka_lr0_1_lr0_01_lr0_01_optgd_epochs100_epochs0_001_epochs0_001_clusters4__rep1,0.11277882009744644,0.8214285714285714,1099.397957,1600,4,0.0,,70,off
double_cake,ccka,ccka_lr0_1_lr0_01_lr0_01_optgd_epochs100_epochs0_001_epochs0_001_clusters6__rep1,0.10786299407482147,0.8214285714285714,18630.152969,2400,6,0.0,,70,off
double_cake,ccka,ccka_lr0_1_lr0_01_lr0_01_optgd_epochs100_epochs0_001_epochs0_001_clusters8__rep1,0.1153312548995018,0.9285714285714286,1766.943100,3200,8,0.0,,70,off
double_cake,ccka,ccka_lr0_1_lr0_01_lr0_01_optgd_epochs100_epochs0_001_epochs0_001_clusters10__rep1,0.10625588148832321,0.9285714285714286,1126.736110,4000,10,0.0,,70,off
double_cake,ccka,ccka_lr0_1_lr0_01_lr0_01_optgd_epochs100_epochs0_001_epochs0_001_clusters2__rep1,0.09290297329425812,0.8125,1512.064734,800,2,0.0,,80,off
double_cake,ccka,ccka_lr0_1_lr0_01_lr0_01_optgd_epochs100_epochs0_001_epochs0_001_clusters4__rep1,0.09194052964448929,0.8125,2539.849770,1600,4,0.0,,80,off
double_cake,ccka,ccka_lr0_1_lr0_01_lr0_01_optgd_epochs100_epochs0_001_epochs0_001_clusters6__rep1,0.09437599033117294,0.90625,4409.072944,2400,6,0.0,,80,off
double_cake,ccka,ccka_lr0_1_lr0_01_lr0_01_optgd_epochs100_epochs0_001_epochs0_001_clusters8__rep1,0.09013853967189789,0.8125,2951.709272,3200,8,0.0,,80,off
double_cake,ccka,ccka_lr0_1_lr0_01_lr0_01_optgd_epochs100_epochs0_001_epochs0_001_clusters10__rep1,0.09863917529582977,0.875,25802.468327,4000,10,0.0,,80,off
double_cake,ccka,ccka_lr0_1_lr0_01_lr0_01_optgd_epochs100_epochs0_001_epochs0_001_clusters2__rep1,0.12059946358203888,0.8888888888888888,33945.391454,800,2,0.0,,90,off
double_cake,ccka,ccka_lr0_1_lr0_01_lr0_01_optgd_epochs100_epochs0_001_epochs0_001_clusters4__rep1,0.12354307621717453,0.8333333333333334,12903.696720,1600,4,0.0,,90,off
double_cake,ccka,ccka_lr0_1_lr0_01_lr0_01_optgd_epochs100_epochs0_001_epochs0_001_clusters6__rep1,0.12596730887889862,0.8611111111111112,7846.205349,2400,6,0.0,,90,off
double_cake,ccka,ccka_lr0_1_lr0_01_lr0_01_optgd_epochs100_epochs0_001_epochs0_001_clusters8__rep1,0.10839038342237473,0.8055555555555556,2191.306206,3200,8,0.0,,90,off
double_cake,ccka,ccka_lr0_1_lr0_01_lr0_01_optgd_epochs100_epochs0_001_epochs0_001_clusters10__rep1,0.1123666986823082,0.8611111111111112,1936.295256,4000,10,0.0,,90,off
