dataset,method,run_id,alignment,test_accuracy,train_time_sec,circuits_total,subcentroids,noise_level,mitigation,n_samples
checkerboard,ccka,ccka_lr0_1_lr0_01_lr0_01_optgd_epochs20_epochs0_001_epochs0_001_clusters2__rep4,tensor(0.1605 grad_fn=<SqueezeBackward0>),0.9,139.534133,160,2,0.01,,60
checkerboard,ccka,ccka_lr0_1_lr0_01_lr0_01_optgd_epochs20_epochs0_001_epochs0_001_clusters2__rep4,tensor(0.1419 grad_fn=<SqueezeBackward0>),0.9,145.020117,160,2,0.02,,60
checkerboard,ccka,ccka_lr0_1_lr0_01_lr0_01_optgd_epochs20_epochs0_001_epochs0_001_clusters4__rep4,tensor(0.1857 grad_fn=<SqueezeBackward0>),0.9666666666666667,202.294863,320,4,0.01,,60
checkerboard,ccka,ccka_lr0_1_lr0_01_lr0_01_optgd_epochs20_epochs0_001_epochs0_001_clusters6__rep4,tensor(0.1434 grad_fn=<SqueezeBackward0>),0.9,235.255697,480,6,0.01,,60
checkerboard,ccka,ccka_lr0_1_lr0_01_lr0_01_optgd_epochs20_epochs0_001_epochs0_001_clusters8__rep4,tensor(0.1854 grad_fn=<SqueezeBackward0>),0.9666666666666667,240.139368,640,8,0.01,,60
checkerboard,ccka,ccka_lr0_1_lr0_01_lr0_01_optgd_epochs20_epochs0_001_epochs0_001_clusters10__rep4,tensor(0.1930 grad_fn=<SqueezeBackward0>),0.9666666666666667,263.479040,800,10,0.01,,60
checkerboard,ccka,ccka_lr0_1_lr0_01_lr0_01_optgd_epochs20_epochs0_001_epochs0_001_clusters4__rep4,tensor(0.1529 grad_fn=<SqueezeBackward0>),0.9,156.344252,320,4,0.02,,60
checkerboard,ccka,ccka_lr0_1_lr0_01_lr0_01_optgd_epochs20_epochs0_001_epochs0_001_clusters6__rep4,tensor(0.1229 grad_fn=<SqueezeBackward0>),0.7666666666666667,164.299296,480,6,0.02,,60
checkerboard,ccka,ccka_lr0_1_lr0_01_lr0_01_optgd_epochs20_epochs0_001_epochs0_001_clusters2__rep4,tensor(0.1196 grad_fn=<SqueezeBackward0>),0.9,129.843296,160,2,0.03,,60
checkerboard,ccka,ccka_lr0_1_lr0_01_lr0_01_optgd_epochs20_epochs0_001_epochs0_001_clusters8__rep4,tensor(0.1625 grad_fn=<SqueezeBackward0>),0.9666666666666667,168.040110,640,8,0.02,,60
checkerboard,ccka,ccka_lr0_1_lr0_01_lr0_01_optgd_epochs20_epochs0_001_epochs0_001_clusters4__rep4,tensor(0.1196 grad_fn=<SqueezeBackward0>),0.7333333333333333,183.910232,320,4,0.03,,60
checkerboard,ccka,ccka_lr0_1_lr0_01_lr0_01_optgd_epochs20_epochs0_001_epochs0_001_clusters10__rep4,tensor(0.1695 grad_fn=<SqueezeBackward0>),1.0,209.999266,800,10,0.02,,60
checkerboard,ccka,ccka_lr0_1_lr0_01_lr0_01_optgd_epochs20_epochs0_001_epochs0_001_clusters2__rep4,tensor(0.0959 grad_fn=<SqueezeBackward0>),0.8333333333333334,134.822563,160,2,0.04,,60
checkerboard,ccka,ccka_lr0_1_lr0_01_lr0_01_optgd_epochs20_epochs0_001_epochs0_001_clusters6__rep4,tensor(0.1006 grad_fn=<SqueezeBackward0>),0.7333333333333333,258.531415,480,6,0.03,,60
checkerboard,ccka,ccka_lr0_1_lr0_01_lr0_01_optgd_epochs20_epochs0_001_epochs0_001_clusters4__rep4,tensor(0.0899 grad_fn=<SqueezeBackward0>),0.7333333333333333,218.978142,320,4,0.04,,60
checkerboard,ccka,ccka_lr0_1_lr0_01_lr0_01_optgd_epochs20_epochs0_001_epochs0_001_clusters8__rep4,tensor(0.1325 grad_fn=<SqueezeBackward0>),0.9666666666666667,274.735245,640,8,0.03,,60
checkerboard,ccka,ccka_lr0_1_lr0_01_lr0_01_optgd_epochs20_epochs0_001_epochs0_001_clusters10__rep4,tensor(0.1409 grad_fn=<SqueezeBackward0>),0.9333333333333333,279.249234,800,10,0.03,,60
checkerboard,ccka,ccka_lr0_1_lr0_01_lr0_01_optgd_epochs20_epochs0_001_epochs0_001_clusters6__rep4,tensor(0.0790 grad_fn=<SqueezeBackward0>),0.7333333333333333,221.931444,480,6,0.04,,60
checkerboard,ccka,ccka_lr0_1_lr0_01_lr0_01_optgd_epochs20_epochs0_001_epochs0_001_clusters8__rep4,tensor(0.1006 grad_fn=<SqueezeBackward0>),0.9666666666666667,175.816845,640,8,0.04,,60
checkerboard,ccka,ccka_lr0_1_lr0_01_lr0_01_optgd_epochs20_epochs0_001_epochs0_001_clusters2__rep4,tensor(0.0733 grad_fn=<SqueezeBackward0>),0.8333333333333334,163.945566,160,2,0.05,,60
checkerboard,ccka,ccka_lr0_1_lr0_01_lr0_01_optgd_epochs20_epochs0_001_epochs0_001_clusters4__rep4,tensor(0.0672 grad_fn=<SqueezeBackward0>),0.7333333333333333,195.088486,320,4,0.05,,60
checkerboard,ccka,ccka_lr0_1_lr0_01_lr0_01_optgd_epochs20_epochs0_001_epochs0_001_clusters6__rep4,tensor(0.0603 grad_fn=<SqueezeBackward0>),0.7333333333333333,214.536194,480,6,0.05,,60
checkerboard,ccka,ccka_lr0_1_lr0_01_lr0_01_optgd_epochs20_epochs0_001_epochs0_001_clusters8__rep4,tensor(0.0728 grad_fn=<SqueezeBackward0>),0.8666666666666667,224.223377,640,8,0.05,,60
checkerboard,ccka,ccka_lr0_1_lr0_01_lr0_01_optgd_epochs20_epochs0_001_epochs0_001_clusters10__rep4,tensor(0.1078 grad_fn=<SqueezeBackward0>),0.9333333333333333,248.835305,800,10,0.04,,60
checkerboard,ccka,ccka_lr0_1_lr0_01_lr0_01_optgd_epochs20_epochs0_001_epochs0_001_clusters10__rep4,tensor(0.0779 grad_fn=<SqueezeBackward0>),0.8333333333333334,188.826263,800,10,0.05,,60
checkerboard,ccka,ccka_lr0_1_lr0_01_lr0_01_optgd_epochs20_epochs0_001_epochs0_001_clusters2__rep4,tensor(0.0540 grad_fn=<SqueezeBackward0>),0.7666666666666667,127.608013,160,2,0.06,,60
checkerboard,ccka,ccka_lr0_1_lr0_01_lr0_01_optgd_epochs20_epochs0_001_epochs0_001_clusters4__rep4,tensor(0.0501 grad_fn=<SqueezeBackward0>),0.7666666666666667,153.706672,320,4,0.06,,60
checkerboard,ccka,ccka_lr0_1_lr0_01_lr0_01_optgd_epochs20_epochs0_001_epochs0_001_clusters6__rep4,tensor(0.0454 grad_fn=<SqueezeBackward0>),0.7333333333333333,185.606637,480,6,0.06,,60
checkerboard,ccka,ccka_lr0_1_lr0_01_lr0_01_optgd_epochs20_epochs0_001_epochs0_001_clusters8__rep4,tensor(0.0516 grad_fn=<SqueezeBackward0>),0.7666666666666667,194.568834,640,8,0.06,,60
checkerboard,ccka,ccka_lr0_1_lr0_01_lr0_01_optgd_epochs20_epochs0_001_epochs0_001_clusters10__rep4,tensor(0.0553 grad_fn=<SqueezeBackward0>),0.7666666666666667,188.070885,800,10,0.06,,60
checkerboard,ccka,ccka_lr0_1_lr0_01_lr0_01_optgd_epochs20_epochs0_001_epochs0_001_clusters2__rep4,tensor(0.0388 grad_fn=<SqueezeBackward0>),0.7666666666666667,142.926009,160,2,0.07,,60
checkerboard,ccka,ccka_lr0_1_lr0_01_lr0_01_optgd_epochs20_epochs0_001_epochs0_001_clusters4__rep4,tensor(0.0369 grad_fn=<SqueezeBackward0>),0.7666666666666667,152.760052,320,4,0.07,,60
checkerboard,ccka,ccka_lr0_1_lr0_01_lr0_01_optgd_epochs20_epochs0_001_epochs0_001_clusters6__rep4,tensor(0.0337 grad_fn=<SqueezeBackward0>),0.7333333333333333,155.315649,480,6,0.07,,60
checkerboard,ccka,ccka_lr0_1_lr0_01_lr0_01_optgd_epochs20_epochs0_001_epochs0_001_clusters2__rep4,tensor(0.0276 grad_fn=<SqueezeBackward0>),0.7666666666666667,127.815192,160,2,0.08,,60
checkerboard,ccka,ccka_lr0_1_lr0_01_lr0_01_optgd_epochs20_epochs0_001_epochs0_001_clusters8__rep4,tensor(0.0365 grad_fn=<SqueezeBackward0>),0.7333333333333333,184.664333,640,8,0.07,,60
checkerboard,ccka,ccka_lr0_1_lr0_01_lr0_01_optgd_epochs20_epochs0_001_epochs0_001_clusters10__rep4,tensor(0.0393 grad_fn=<SqueezeBackward0>),0.7666666666666667,186.355530,800,10,0.07,,60
checkerboard,ccka,ccka_lr0_1_lr0_01_lr0_01_optgd_epochs20_epochs0_001_epochs0_001_clusters4__rep4,tensor(0.0269 grad_fn=<SqueezeBackward0>),0.8,162.119655,320,4,0.08,,60
checkerboard,ccka,ccka_lr0_1_lr0_01_lr0_01_optgd_epochs20_epochs0_001_epochs0_001_clusters6__rep4,tensor(0.0248 grad_fn=<SqueezeBackward0>),0.7333333333333333,216.233253,480,6,0.08,,60
checkerboard,ccka,ccka_lr0_1_lr0_01_lr0_01_optgd_epochs20_epochs0_001_epochs0_001_clusters8__rep4,tensor(0.0261 grad_fn=<SqueezeBackward0>),0.7666666666666667,230.413279,640,8,0.08,,60
checkerboard,ccka,ccka_lr0_1_lr0_01_lr0_01_optgd_epochs20_epochs0_001_epochs0_001_clusters2__rep4,tensor(0.0196 grad_fn=<SqueezeBackward0>),0.8,214.563094,160,2,0.09,,60
checkerboard,ccka,ccka_lr0_1_lr0_01_lr0_01_optgd_epochs20_epochs0_001_epochs0_001_clusters10__rep4,tensor(0.0281 grad_fn=<SqueezeBackward0>),0.7666666666666667,273.314794,800,10,0.08,,60
checkerboard,ccka,ccka_lr0_1_lr0_01_lr0_01_optgd_epochs20_epochs0_001_epochs0_001_clusters4__rep4,tensor(0.0194 grad_fn=<SqueezeBackward0>),0.8,222.924683,320,4,0.09,,60
checkerboard,ccka,ccka_lr0_1_lr0_01_lr0_01_optgd_epochs20_epochs0_001_epochs0_001_clusters6__rep4,tensor(0.0182 grad_fn=<SqueezeBackward0>),0.8,200.801160,480,6,0.09,,60
checkerboard,ccka,ccka_lr0_1_lr0_01_lr0_01_optgd_epochs20_epochs0_001_epochs0_001_clusters8__rep4,tensor(0.0188 grad_fn=<SqueezeBackward0>),0.7666666666666667,225.254234,640,8,0.09,,60
checkerboard,ccka,ccka_lr0_1_lr0_01_lr0_01_optgd_epochs20_epochs0_001_epochs0_001_clusters10__rep4,tensor(0.0201 grad_fn=<SqueezeBackward0>),0.8,258.253754,800,10,0.09,,60
checkerboard,ccka,ccka_lr0_1_lr0_01_lr0_01_optgd_epochs20_epochs0_001_epochs0_001_clusters2__rep4,tensor(0.0140 grad_fn=<SqueezeBackward0>),0.8,208.617565,160,2,0.1,,60
checkerboard,ccka,ccka_lr0_1_lr0_01_lr0_01_optgd_epochs20_epochs0_001_epochs0_001_clusters4__rep4,tensor(0.0140 grad_fn=<SqueezeBackward0>),0.8,221.185440,320,4,0.1,,60
checkerboard,ccka,ccka_lr0_1_lr0_01_lr0_01_optgd_epochs20_epochs0_001_epochs0_001_clusters6__rep4,tensor(0.0132 grad_fn=<SqueezeBackward0>),0.8,226.683617,480,6,0.1,,60
checkerboard,ccka,ccka_lr0_1_lr0_01_lr0_01_optgd_epochs20_epochs0_001_epochs0_001_clusters8__rep4,tensor(0.0136 grad_fn=<SqueezeBackward0>),0.8,138.395006,640,8,0.1,,60
checkerboard,ccka,ccka_lr0_1_lr0_01_lr0_01_optgd_epochs20_epochs0_001_epochs0_001_clusters10__rep4,tensor(0.0144 grad_fn=<SqueezeBackward0>),0.8,150.353355,800,10,0.1,,60
