Feature 1,Feature 2,Feature 3,Label
-8.867580843721289,12.523203173406353,-4.3588249510897015,1
5.1936643941247755,0.20744707811157925,-10.064941249753458,1
-6.053526875896347,9.98789017372912,-8.423283016520946,1
-8.964401711925667,14.910191500255898,-3.891925730727354,1
-6.7057571754121295,0.9164984226802841,5.818808813135183,-1
-2.016422576659894,18.494962534186644,-10.528826128337494,1
-7.472643374080452,10.819518416906442,4.785120958083305,-1
11.205712951949724,0.5288382378582254,6.8313888010562875,1
4.604247343340934,4.629074712387568,13.176282907776185,1
-3.9034166031334028,20.091410719306516,7.2692597863570985,-1
11.088139546322791,12.254594150827222,-4.697712733072321,1
-9.390845471337155,2.360947819569851,-2.750198329045834,1
-7.892048350084876,6.01976545568033,-5.876854032438661,1
8.639002779504438,9.476412003485983,10.209090317389164,1
3.4316856824001727,0.5544068081507956,-4.065660623340406,-1
4.044567771308387,8.642049080334946,-3.8117368253711255,-1
1.016303810963542,10.406976847755313,-4.8646102512136915,-1
12.376671049994705,5.177030030045094,0.043396667571279135,1
10.413567330445721,12.580280874014003,-5.8919883344584365,1
12.243148920655493,15.796065212864377,4.103567353515315,1
2.7729816108159016,5.042591096727263,13.698761747212954,1
11.605985868697234,13.119634316515036,-3.8159031780974817,1
-8.514119329934521,13.376554467689129,3.239033126674416,-1
10.719688756444361,19.902098091994965,-5.827089955535918,1
5.261223114298633,16.19762567900365,-2.5636331875733,-1
-2.6751432157492596,17.66037105188986,-10.443790124869086,1
5.981988189203786,10.311474957314855,-1.300458054523476,-1
6.841702952005579,3.971621033636782,11.785664910221167,1
-9.40597865370479,20.97592355550188,-2.031317974569422,1
-5.824648627258237,2.750473441638657,6.226057062197178,-1
4.344555572358492,9.986905421754683,5.824414187350266,-1
10.221893206555563,1.3709853045143063,-6.319767535695079,1
-8.317131273647258,19.793614729518435,3.5637395753228938,-1
-8.031878259352396,20.33717590915862,-6.020091221333189,1
1.0201337847289076,15.150482175028337,-4.706030709502528,-1
-4.760523194251466,7.32883083485387,-9.26912036193309,1
-5.269529915199018,5.474109862082902,-9.004518227123825,1
-4.655769114009919,5.442169690173284,-9.337769663613695,1
6.865818420000673,2.6213066650927104,11.638194157528545,1
1.594979151582458,11.013648237165556,-11.161544757572445,1
-1.9826547933013887,3.0598162777084044,7.835194458003067,-1
-7.3133457535735005,6.651582517414105,4.797842690729122,-1
3.3325417773732626,13.03468682046214,-10.888631048708644,1
2.7547204766754083,15.329816219387352,-4.469042154420192,-1
-0.09080838118566732,0.6184814286099749,-11.044933378592686,1
0.4213403659788135,9.106366125224842,-11.058067003672642,1
5.974277852521167,13.75653198384547,2.5483204289773393,-1
5.419153049340139,17.730734149654662,-2.0410519875817106,-1
1.4774083659851271,9.891831778779382,7.67571627176375,-1
-2.2231124492697196,20.40153136693861,7.754119658114979,-1
-7.959320702267296,5.572794679894954,-6.124199388236374,1
-7.282095787867228,0.3359385993609777,5.104286170558342,-1
1.4299255460857019,10.032175891040165,13.934285196599143,1
4.62233299588534,5.372240218991889,-3.1809730599101504,-1
6.221614641780142,17.159093010596937,2.607966689257937,-1
6.313819926165222,4.6928582595414134,-0.21759234307395842,-1
-1.3336655286116867,6.552791492968121,-10.951046381827272,1
4.607926046782332,16.700034931047057,5.067782571636233,-1
-8.74884294979338,15.042569935322737,2.857682657566015,-1
5.262479088445853,11.715776321776048,4.78242082547527,-1
6.158712179421682,14.647707866195022,-0.4370929942101445,-1
5.215893460803111,8.891984841680312,-3.0772694474935944,-1
-0.9674138517554128,0.1071065101704297,-10.928831612091502,1
5.855107865285537,0.43441389927662055,-1.674817496108894,-1
6.194215186381299,10.829888969875116,1.8655033953893292,-1
-2.6842051798431323,1.548598031433769,7.660062661819655,-1
12.390081304430757,1.1480900515799812,-1.5127955658110597,1
4.573503544831619,20.136195898129625,-3.322445740421643,-1
12.686038435137919,17.963105883776322,0.6814210823011017,1
4.523959673268005,3.167496103724945,-3.5084230185812486,-1
2.9696519847538956,0.0045423453580339355,13.616713585472555,1
-8.592530328835208,19.81478022474663,2.4700876552055933,-1
2.886017572482495,5.742545760641979,13.605480551578774,1
-5.783189461085986,3.788780459539783,-8.575867736175125,1
7.42541142005313,14.581730784635548,-8.998205550101911,1
1.8194959179101589,2.2856534888744475,-4.728944002372262,-1
3.2814092241464614,5.575078862928959,6.518090261727031,-1
5.21135505453599,20.25761994928351,-2.5436484425304737,-1
2.4218742841006557,13.411004525622683,7.029240065433854,-1
5.29942932542147,10.845160702827476,-2.701110198054794,-1
1.2374900346598503,8.264228274232005,7.789818707655908,-1
-5.963402895280233,16.3567135329907,6.285821087602232,-1
2.982198199549088,2.850539884100317,-4.3847405713529435,-1
2.5592922779175113,20.204804182144024,-10.970005591512077,1
-8.044938510621101,18.050482109041344,-5.910735024509632,1
4.531132399514022,13.015825517018843,5.864265919161428,-1
-9.59306312259718,0.8126285254789128,-1.9950384799288043,1
4.227150960811881,14.8413830419805,-3.633773650097651,-1
-7.719844799515729,19.32395591113122,-6.7516402873240375,1
8.270337681357036,10.9279737104043,10.796842969741366,1
1.0927999829503015,7.4142130828148325,7.753919202710014,-1
0.23854509228257065,2.4479566973031006,-10.931461344715077,1
5.736757241220432,15.68438497640181,-1.9356813030343505,-1
5.224426178985791,18.615759980493547,-10.138351026837258,1
2.920551617659855,2.1786461124157572,6.6841040833247405,-1
6.24903227591405,16.13986207611184,1.1519365042843739,-1
-7.100346116218045,0.26852926107791397,-7.458155989340603,1
1.0782108765391973,20.44177678870287,-4.735052407269576,-1
12.508055190270488,13.050453802462815,-0.45383768121098106,1
0.16574729112431896,11.621005569781012,-4.765142946000392,-1
1.1459920144401337,6.27516285432509,-11.056960798741384,1
4.161136500360516,19.60245240779552,6.124716068345794,-1
6.875476443421763,5.781428168896801,-9.19402562957618,1
4.949189355522604,17.43885973381224,12.737749444028632,1
5.063874025710785,20.681268477529404,4.761711652393836,-1
-7.661778840951741,16.364712675910173,-6.765408388578872,1
-6.612277174961176,10.929320403616318,-7.939236791324935,1
-7.830012797297062,1.4899760341624175,-6.473795291879001,1
5.839650147758786,9.94515060872548,3.4823443104931973,-1
5.872566883266295,9.125382561513275,12.310081484650132,1
-7.927709216411475,4.267624485176556,4.38710288363817,-1
12.659010517028959,8.882425022754383,1.7051001058880157,1
3.3873766318986314,7.539389441462683,-10.771411583480866,1
2.3988124033147904,3.271184647462793,7.257987271115852,-1
12.189555879636846,9.323935871392482,-2.264513880110765,1
-4.60573036810882,5.578341398490642,6.952023797788244,-1
11.714669254366862,11.007796178146204,5.670829658504568,1
-7.405331018142376,0.7379849723255754,-6.970182129729558,1
11.731285997698944,18.850266189272624,5.575253612529813,1
2.9064446042492635,17.14171813671985,-10.927910257608353,1
5.912071076783725,11.710279482654812,-9.801846326271955,1
-9.398304532390926,17.80196735027286,-0.08148440641935176,1
5.539798358471345,20.01136960341068,12.52760789084273,1
-2.1706495164243287,2.1669123779188024,-10.487672091416636,1
-6.460456638499044,13.278870545787939,5.755155409074644,-1
-5.628682339062542,20.995161620534073,-8.848999939740786,1
0.7118823839769275,20.834301875466195,-4.595280384090725,-1
2.308282308326441,12.66425693853267,7.262725063096208,-1
-0.7522451752212991,2.5384054418692927,-10.947028157863759,1
2.8576113859224557,12.165199036741726,6.778871111214666,-1
-4.54915538776514,0.12524128432279077,-9.345686325394281,1
-6.944934405946949,4.191187618748,5.455152202136824,-1
5.872533062465541,20.143569314227157,-1.4806616281383551,-1
2.4740420437467963,6.982730905205825,7.073234863519508,-1
-7.938198448412258,13.385696166142889,-6.302291345601831,1
-6.704709734132962,5.880648703526293,-7.770501980179819,1
-7.904825646217338,20.089969856318966,-6.509239049087284,1
-1.5533092538806539,15.341200755600145,-10.993094411185778,1
-1.4641471544030649,6.909815554178029,-10.78711261470725,1
-6.950810405349867,16.67253184388147,5.250303462905129,-1
10.902777874343819,2.293766595965518,7.34902069661823,1
-2.6743744059540377,8.0229621040252,7.691770664946688,-1
-7.255552529769101,4.710589133800671,4.878417049919371,-1
11.160599865863752,14.540349320205939,6.95727707144609,1
11.81435576235745,2.0733439303715313,-3.1729915943519096,1
4.000660926375198,8.482946052820072,-10.757704038496957,1
4.4106854979007855,5.7839573646597895,-3.3913035664827937,-1
9.264402492975258,10.662548445564868,9.660361954680532,1
4.9994617079223715,7.454887292278776,-10.30185972854499,1
0.25447453123946173,14.76262198787815,14.192300086546934,1
5.93995593930108,0.6403669017281346,-1.0842599968019986,-1
12.217370308914152,13.192303619288124,4.104914295215824,1
6.456135186707639,4.754481608678828,-0.38009857792979407,-1
-4.8044892787657325,5.583537572159083,-9.656870898642493,1
5.416525115875896,16.871568211899184,-2.2946252271606347,-1
12.637274048449617,20.03284883253189,1.9035576256163667,1
11.961327619338586,6.495556964610231,-2.938522462489195,1
-7.79459576098217,17.34125739056561,-6.158681677346442,1
-5.383624768911837,2.105385459142457,6.570922402217425,-1
3.245861203529928,13.386744075239084,-4.381770102890871,-1
3.251547054681967,15.737354784787785,-10.826729492751438,1
-8.178229447720257,3.282613896313652,3.767625244080163,-1
5.864115421566975,8.905502895346704,-10.068839153084996,1
12.117573107970875,18.790244346051644,3.9872038718677345,1
3.0194237427202006,2.1567886560687604,13.798005487332944,1
12.638545374153058,0.4125433936996847,2.852452666631017,1
0.7466799301906777,12.142954103532437,-4.800636882096484,-1
-1.967203459798839,9.155887438847381,7.939293624995865,-1
6.5263095316137445,16.81386559357298,-9.502147666288526,1
6.388763868411455,19.372638296794783,0.23122387373073744,-1
-9.49923060457072,6.349165782559393,-1.831050356079726,1
2.5772890370945314,8.230347163450492,-4.69833758677341,-1
6.278374035156886,10.342135202100563,1.9579461292472524,-1
0.9114154618867223,12.361661829948513,-4.788807496745482,-1
11.196138552912931,20.46955035284695,-4.490995366701014,1
5.802544513614421,14.415385322552119,3.68142732116226,-1
-0.816024566010499,8.020334559049493,7.981000034333305,-1
8.37272764791715,5.535330709341291,10.445861861945923,1
3.85441045413352,19.821409558036546,-10.687582833220766,1
1.685849939779895,2.8741410804806318,-4.7697816537775,-1
6.2673241285165355,15.063058310344202,-0.22200818534195899,-1
-4.424554889698804,19.35964641399068,-9.565951410876757,1
-7.7491806572693775,14.013482111464254,-6.891829498158787,1
5.518425030824164,8.949735684625795,4.387965221044232,-1
7.9240552619795075,4.153144724887116,10.984711463997442,1
-5.032806411335588,7.7131341014665775,-9.188771893217313,1
-9.325572315793238,14.884739432155461,-3.3179074130529327,1
-6.80209102289874,13.690653065197534,-7.674995648805378,1
6.444023265326397,19.37310142860564,-9.340127825316182,1
1.437938480001592,18.132121801255078,7.451729133992156,-1
-4.870716414240552,17.016111193029197,6.962961105025352,-1
6.038655353820443,19.089777720882328,2.798478961299284,-1
6.382675921216342,5.88431356641222,1.2596347710436124,-1
6.875248166125256,7.814621529627016,11.82767134432922,1
7.324560842900347,7.86796218347011,-9.134328970645209,1
-9.433962276299003,11.820689035587982,0.7105341252845586,1
5.918565627239827,14.041167130932434,3.7195359443120735,-1
4.722656005722356,5.971657673139689,5.1830720634907115,-1
2.669116242964972,0.26806584798494415,-4.494056394223708,-1
-7.155921348544666,8.366187719654318,5.123985285593938,-1
1.602336574980125,6.5470815512540055,7.4262708925285015,-1
3.0870748249874165,19.569569334539395,-10.787693144440032,1
-3.3168490868546856,18.61395353164977,7.744088904406395,-1
6.317463135385301,18.291952615092306,0.6780979213242727,-1
1.0427011705180218,13.780258651706912,-4.85877827024592,-1
3.3087665550280514,7.256055708178065,-4.312798567893785,-1
1.5788529315551214,11.452116098428307,-10.921612182606646,1
-7.976397156915359,17.051892871256427,3.680542368201812,-1
-9.180505776414707,2.0624889036090357,-3.4082471223225626,1
11.070144551509582,16.982858848299113,7.1829901805131255,1
1.312748519244421,0.911334536980048,13.943891610640978,1
5.965768880903074,17.057625815724386,3.1485051782933793,-1
-0.3240230629342208,17.07651858359573,-10.848962781416017,1
4.4004892754030855,1.041894064688063,5.719748884637605,-1
0.8507284257740992,13.340109588800418,-4.874466740293325,-1
8.93182562978208,10.49485425810707,-7.627914567691643,1
1.0476010948064465,3.465882990915619,7.688126532441469,-1
-3.9739090373049426,3.1334206490062457,7.222194547937996,-1
-6.843934360057137,16.336674345787518,-7.708259094308719,1
12.378969168350388,12.025292205246817,-0.1189389723888975,1
-3.912326177932699,20.65890100991406,-9.944083266961707,1
11.874958982309188,20.528393654258366,4.547431115354539,1
4.090985959708517,20.795472790559806,6.245207789664024,-1
11.543856335716667,2.289097698845662,-3.887836602974109,1
6.367628590975406,19.612066722486325,1.105630441743718,-1
6.034969610187899,5.118116107942092,12.424952416448749,1
2.275619579529884,9.661357668996201,-11.351017028526998,1
5.902435004478443,15.871592240109766,3.0930295265372063,-1
6.5791234234341,4.2703416681240975,12.114678517014871,1
6.616065286316087,11.852925172165946,-9.654149496698386,1
4.800264036340263,3.9772542431648867,5.235866764040554,-1
6.085982750097593,2.109546946464505,2.827395538215521,-1
-9.327493661161094,2.531485652436202,-1.6483216684368571,1
1.09801745576168,7.706507813063986,-4.852538317307326,-1
6.220840858179926,0.1450305391830463,2.3682039458528874,-1
-6.611062408575906,8.869223184213075,5.8685708453076755,-1
-3.2729505132698646,13.894512192295451,7.6051121603198935,-1
-8.631816040140357,8.556435607302173,3.067214851137218,-1
3.6927241127426202,1.6890276683293377,6.240986237208538,-1
-6.873591655082408,1.221085660469195,-7.578066544989605,1
12.425981312563177,5.72400192267505,3.688137130897917,1
5.266841884678472,3.4277151173635474,-2.5472580974439043,-1
-9.541763324632043,20.162512805639373,-1.475747149483084,1
5.823308245371607,3.2548252186343345,-1.7978943819630797,-1
5.2467544305230245,17.02493944196373,-10.230158542128322,1
-4.80748853989902,12.23855946932802,6.967450694734454,-1
-8.21063449341901,11.97575872427475,-5.731728560259944,1
6.450608564342814,10.8296107019103,0.9404495357365927,-1
5.950259870072631,20.41708101870269,-1.1538112778556577,-1
-9.1645879168586,7.54524600116267,1.0834844127039889,1
-1.5704728791925164,16.39919059651759,8.002341131229983,-1
7.267580965585178,11.762219012118704,11.55894338627979,1
9.472701345241028,8.357924961369088,-7.236434263178785,1
8.2295776362557,20.122480188761262,-8.512209997057317,1
10.42846825392342,12.453870666568326,8.219869532392472,1
4.077314752398862,2.52075350435519,-3.6941443073001037,-1
-8.90355055416721,8.83122317967967,-4.81596523210811,1
-7.16252669140354,16.444619665678474,-7.302396752071595,1
4.779138465191524,14.49418516634272,12.929452179768603,1
2.859265337357277,19.344372977574594,6.757812749891073,-1
5.101152500433236,5.2941618721540475,4.54028640690223,-1
4.697812155833649,16.014942235910993,-3.3220950005193677,-1
0.7520365598873776,9.765484949693647,-5.018655598587894,-1
8.120368478769299,12.203037718056647,10.771191974027525,1
0.3015618487503817,20.0217310821069,-11.10735273920365,1
10.945726608200088,20.465069718116574,-5.4412358402571535,1
3.28449650601783,18.172798278667674,6.555334807674351,-1
-7.026898624185396,7.4711173144275245,-7.39132211914055,1
2.9075282581033886,18.646117101418117,-4.304831557575543,-1
-9.25982731781953,13.379046508753666,1.2158561581976115,1
2.934130057908987,8.939725192743666,13.61191563803924,1
11.932435729316309,0.7826962791286476,5.06110102049943,1
-0.4062209635668495,16.03348901636742,7.760273813232131,-1
4.908105387060097,10.603437763370778,12.989196141289606,1
5.722553948507433,16.413265379920603,3.9568908130004803,-1
6.251402471832667,15.535305651561874,12.112416930596696,1
7.27264299549758,16.65990398313636,11.363530536753812,1
11.76285359202312,6.356837717913226,-3.8890688118106302,1
-3.609506907412829,16.874464040125574,-10.123747620653857,1
11.93562846068815,11.60760827087223,4.858777078709113,1
2.6054513544131375,9.704486169462966,6.919114382098349,-1
12.563491885207943,14.077129747140228,1.8190588702979547,1
-4.7121046408749905,0.45919757115561766,-9.34746505726869,1
0.6797961548460539,2.300553461633093,-4.75484494964627,-1
-1.1940590112542568,6.214099117885436,8.029279559087378,-1
5.987968583849753,20.832926314299442,-1.1936403276921488,-1
2.476918875446792,2.882167413872655,13.696721815871527,1
-9.103024804363766,6.969964015471618,1.862711377576012,-1
-9.47358742895379,0.9621172777734651,0.1904240741217768,1
-2.8671220966418574,6.916211264184851,-10.396401254302642,1
-2.4079347578220807,6.653322444899167,7.62034841456694,-1
5.693226607897482,19.819551723903295,-1.73360682697053,-1
12.261081870727068,17.708890914791564,-1.4788529036696827,1
6.266723707150647,8.038320358087269,1.3201948996188972,-1
-9.55470194753599,0.5223714852758705,-0.9454601254663281,1
5.816470814890043,17.505998737861212,3.5078901811610064,-1
4.572766941516712,13.885258566774029,-3.253247222091978,-1
12.33658690232679,3.1652495937925416,3.3893555653050282,1
3.412433075925642,20.865238837060737,13.44415204881778,1
4.822364548742443,2.0741890138907157,12.7193503002116,1
10.225321634228438,18.164501659322227,8.699354831854542,1
10.185683423349577,6.228686552241667,-6.383493867133728,1
0.16701964500930788,9.228975311895423,7.935158701277492,-1
3.7995788115362683,16.831991516097315,-3.9119102475427527,-1
-5.495817214412161,14.147905199880174,6.500313861290371,-1
5.519799931460918,19.742089085858694,3.865244716315602,-1
5.623843274681033,12.90447887050878,-1.8715814390438046,-1
2.4729870305945005,2.0913308628853655,-4.624207436601145,-1
6.053416448037876,18.679834856290064,-9.830395473298502,1
0.4222012228324095,16.13730707459371,-4.72703158038628,-1
9.994767024858453,15.05654307348565,-6.6687807339701655,1
5.978077462362077,1.0145477073968951,-1.0890055741096594,-1
3.700898132595846,8.23181310958746,-3.983325572817825,-1
3.983093019984467,3.502571224385955,-3.837123151553892,-1
0.6093485604647894,17.36220311202383,-10.892480985829032,1
5.228157541496305,14.669358133540918,4.8633984171002,-1
-6.438471680265777,18.499274233610965,5.7931997755359115,-1
-8.44492695417481,20.19891440956964,-5.078955194869691,1
12.26682916556854,16.289988002486734,3.1871962585799687,1
6.229155719281471,21.003564261725447,-9.816908906552797,1
4.035123115163381,12.980235619939645,6.0168437752355866,-1
5.495640918273871,0.8493867471540306,-1.7628098846365312,-1
2.628363420527595,0.27858437066384706,-4.4316871196004,-1
2.396328581935631,7.1278504433531715,7.280006560122117,-1
4.473859428707791,17.360630692059914,5.509669452672522,-1
-8.29872078275928,18.185637725255937,3.8752713355033834,-1
1.783886965827749,20.1597022817043,-10.928342745850696,1
3.0480446293846604,1.457374901765548,-11.086286890674891,1
3.3437559614355883,0.9162145855736729,6.625428734924701,-1
-3.5684246935155457,19.095177897769187,7.457395472137713,-1
6.502170394660849,6.496899515153189,0.9146397918844098,-1
11.123922083410658,11.725807401845673,-4.935327687722901,1
2.626388120234337,20.527639608630036,-4.604597692664965,-1
3.1703565993370404,8.298128639967228,-10.641041860645313,1
10.414470843896574,13.992840552089323,-5.915246030098064,1
10.344428315693001,8.652211802419519,-5.961849372661395,1
4.528164203623809,16.092805893363757,5.625094939870183,-1
-3.179714001779351,11.048381851121624,7.569565965635877,-1
-6.873170031555682,5.140363017475049,-7.624795826028447,1
3.9032813822803534,5.691700006448738,6.243117511121611,-1
-2.7867882770063743,5.274396776981753,7.839056270073484,-1
6.234977531836302,11.02144724817496,1.7181876229398263,-1
-8.412661759438231,14.889635733707697,3.5427582849336794,-1
2.0240297137694703,20.001513355131003,-4.709333482393092,-1
11.71537869957013,14.658447447585697,-3.738774563349331,1
3.5822910446968756,16.399274067372332,-4.0125936373953905,-1
-9.52448400975487,3.474777230557599,-1.7927673561967614,1
1.716911029222545,7.833598813581423,7.281257018389812,-1
-7.534538401373368,8.702987738761026,-6.987064135363642,1
5.060882498333098,14.330153714440062,12.646582778376802,1
-2.1341686320250206,6.269876494869457,-10.732281024462575,1
1.6015046501532781,6.243170732933016,-4.764006751031828,-1
-6.853656081332277,7.440396371000708,5.485103266341179,-1
-9.422381212090027,16.99594292516023,-0.9000541017756054,1
-9.158831818032812,12.060289909592786,-3.2317453685282276,1
1.4787454012475574,1.3602723409854418,-10.949498409935076,1
3.721826523001128,1.6879550599109703,6.408502107870571,-1
5.726081104164054,7.721450753888458,-2.1060076065959126,-1
-4.547158041422186,16.23098285866176,6.985029844498828,-1
5.499569915310267,14.428153728283887,12.540950431818509,1
6.191055468447026,14.813493488831798,1.2476084180876141,-1
10.545447336858096,16.120563581813922,8.086926880996623,1
-9.050837715824072,6.135550945475962,-3.9109786314223265,1
-8.206915478621667,11.457041154472032,3.5333751842666987,-1
11.504563611804759,11.511879216135139,5.833857734719166,1
-8.175946669066077,15.676312888880698,3.3557781187602544,-1
5.915287216424083,20.193314232284166,-9.976527731704696,1
-4.862626576469308,6.000431989804009,7.077759342226119,-1
10.416462913641336,16.78817972999926,8.183245004086322,1
2.4236677957496418,14.010869748377813,-10.889737060781137,1
3.624054189158148,12.345427920074227,-10.875027163511115,1
0.24768506998254824,16.293282319258438,7.752441524192602,-1
8.923093468737942,19.78175940503287,-7.755548184032778,1
-2.954765599029245,0.5442954117332922,-10.10820367019569,1
5.370130067678134,2.9631288408254544,4.374308902120974,-1
6.203235157713212,15.837203581607552,-0.43963281366448587,-1
11.470829265197786,1.7214449023877187,-4.170837183722248,1
5.040079536653006,10.823318269222746,12.593987036739273,1
-8.332697470192594,4.517000260448871,3.4680002086107105,-1
-6.676691966057984,5.600632019553649,-7.782066611643893,1
12.466520492376691,14.725627825186068,2.988032269485566,1
-8.325547322160505,0.6151064457617649,3.680880479939091,-1
5.946897880137362,18.258952581784992,12.356996575790921,1
-7.690661176089608,9.259842846232631,-6.564828610047227,1
12.486512424437509,10.456243512861882,-1.4655840788683017,1
9.84643925805241,11.301354863665898,8.635890064615484,1
12.228279609881241,13.470799903469848,-2.270939832047288,1
6.1675478971800715,7.367975852229412,-0.5130778907199859,-1
-3.5621947236771243,2.1473569750378303,-9.9509286118967,1
-4.86992013524949,6.588725878187056,6.758524461388182,-1
3.1037728739060753,3.5029397003324814,-4.379441617191697,-1
-6.782750324774842,11.560768207824832,5.675992864247258,-1
4.671792001361909,6.779818079685595,5.350393638055093,-1
12.603368512924785,20.257829410320216,1.8280647146046698,1
1.6909652372323634,20.405620035861194,-4.7078160508950875,-1
5.020137217078832,12.90817422880881,12.824404967512194,1
-1.6777387694799544,12.958315919040388,7.694729887048706,-1
-1.7577289981767634,20.65279278835793,7.864200905436548,-1
0.6963522736873003,18.689147486530324,-4.717382820118553,-1
6.4812074184916195,15.965677951992552,1.098484226463353,-1
-5.107836133652529,6.5178136771966235,6.823060704069871,-1
8.530694935134745,7.634997887644423,10.439068315440915,1
4.665279794155076,4.241930927891416,-3.38628805828693,-1
6.810393031065432,10.299523536078656,12.034200548184856,1
12.220930521747981,20.76486619565751,4.234735112366598,1
-8.272939582101708,19.221566520795985,3.6211755999871627,-1
0.4436133752486573,2.567545750088564,7.791202093550729,-1
5.666761675171444,0.5076745514134471,4.106991050520978,-1
-4.8939523703064385,18.746825223287033,-9.13841006448995,1
1.6715969721726536,11.163453653379442,-4.833756273563067,-1
0.6654307671487316,4.263160349892737,-4.7847558346119134,-1
-6.941450606367191,14.099096217645876,5.497794414090179,-1
3.2900722594375957,13.357423804257975,-4.2244102718524985,-1
4.8377112571565855,2.6250929803841108,5.047286238871684,-1
6.007214282899638,5.464560355504632,3.5106171690259553,-1
4.986268457639171,1.1210405424641543,5.09945614568448,-1
5.661315224933967,4.525011949393246,-1.888123207795696,-1
0.5105045115514811,2.8620827706300953,-4.797001906962584,-1
5.142994398156038,4.071836667094696,-2.7496626677736082,-1
-4.565127398710035,14.267378127402013,-9.537191055992684,1
3.3392633444067403,0.8992615761938942,13.428925986008073,1
1.4962148451475294,2.108240071528402,13.943370400473588,1
-5.707426624037568,2.6462548606890115,6.375042707970065,-1
6.14410760638132,6.687871567439263,-0.14882041834254678,-1
-2.8879042441451723,6.132674196552726,-10.433888804437531,1
-9.353433260680239,5.372830764574898,0.7901049046896746,1
1.1808572547147838,15.732456576808069,14.016362507183176,1
3.013071246342407,21.029657069729815,-4.360987408996735,-1
10.705560008536086,11.119741636678564,-5.642883648800703,1
3.06144119229181,19.855630021145256,6.680440240363327,-1
5.365867977636435,8.189328335363893,4.506062025909454,-1
-0.5536941183699408,2.3198863380339225,-11.005417824875021,1
5.2430275580178805,8.572754242238833,4.859196240188501,-1
0.09659595988659743,6.268268308605102,-11.06408527175283,1
-9.481445927444675,10.229493673389937,-1.6538500358879353,1
-6.416383428171514,13.847825642812063,5.611858289606913,-1
-8.628924127092128,9.712674941830942,-4.858865264260512,1
3.3328472633850597,19.674740542905674,6.771572066549243,-1
4.288764467238737,18.611324664588377,-10.744006749905259,1
-6.148417081232507,14.722183110211107,6.262213044094679,-1
-2.0554895795866566,10.407513081687132,7.931268718096105,-1
12.615568366984641,2.749843119527024,-0.720831413592854,1
8.728324074570338,8.263370082291217,10.140486044240939,1
2.1583935947030892,14.786559708087754,-4.526874527971891,-1
5.740009144704635,5.887544137083902,4.121900099187993,-1
-1.2116676957938797,2.1373499860787444,7.917816198687043,-1
12.209800787518144,19.048142946104253,-2.0844952495697275,1
1.9408216229852575,14.852111594061851,14.080943724866414,1
3.9578426111904514,12.940744666617588,13.307230987543111,1
10.335949967549299,16.83705315691788,8.151929214942319,1
2.6278801547882003,17.6056617732376,7.1973802580131885,-1
1.1010339991477787,10.259869026320299,13.93494177160215,1
4.940730966520939,18.454582335861417,5.066394829048501,-1
4.689092718991246,19.1860975958727,-3.0287088304877408,-1
6.0197249153909675,5.66475519923111,12.328628999606323,1
5.588981328587526,12.843741465333567,4.221634728704838,-1
2.40620558554178,10.843452757406764,-11.095156855065555,1
2.66736635585785,11.193544884660813,-4.49328261815824,-1
6.523847845920125,19.701158557939227,-9.355049257723726,1
11.53958324946754,6.3865535198473165,5.832605709805428,1
3.9944215550898896,20.848886511140407,6.1312860083179945,-1
-3.464776859646803,18.989523832463142,7.425157071986392,-1
-3.2287411706991596,9.566961516530506,7.644232582467877,-1
8.229607095537547,17.008757829127553,-8.508017779875063,1
5.58260778207588,16.115930877229168,4.173932806828973,-1
6.250509441646061,14.105472353721105,0.36704219211918215,-1
-7.812905364938582,6.763186742088084,4.121450044899724,-1
2.0049378345802316,4.1415814604642005,7.225746067705092,-1
12.622125928253462,14.134084825290195,0.7357189809962901,1
5.460300231313094,17.91035689090227,4.266637794029025,-1
-9.304750203587282,0.25056196408273346,-0.03478026536334333,1
7.019304290381061,13.479630460699163,11.650421647493895,1
-3.353154073448359,9.17908194261757,-10.027355823466863,1
12.101014065971432,18.851783006051644,3.972697905024663,1
7.09717324732857,6.910258909533313,11.536303500882171,1
8.224176436010074,10.014753297448104,-8.090828993603647,1
3.4551849586339385,10.798660480179993,-10.73918346690558,1
4.018093993463876,2.9743929736741013,13.323099609746924,1
0.7348259859559094,14.849652792882674,13.89095579644036,1
-8.132086376376794,17.40062987637071,4.005505441081658,-1
3.255296801216464,1.2246200722785037,-4.221074115799747,-1
2.737783721735629,6.129107429945812,7.009633902054935,-1
6.162808902548429,0.6458766877963544,-0.7400467420790898,-1
-6.068566804102884,20.12018851637657,5.841382417057139,-1
5.659210285054825,14.038464884031717,-1.9915980212652598,-1
-5.884266245468368,20.210503687923133,-8.716665960827441,1
-3.676213446768988,11.161797344865715,7.447240285923547,-1
11.034429224985368,16.69508984647109,7.066184923098444,1
4.1621851628077255,7.714714099942105,13.092223744091246,1
-8.979321290015683,7.443668410259283,-4.119180050130503,1
3.896800816418331,7.87685184011617,6.237775053852862,-1
-6.60147100828005,13.813949256232561,-7.971853316710099,1
10.56954457717625,7.632465238686456,7.383729254039788,1
-5.38696446049222,18.890323490658222,6.691024340992929,-1
-8.936379171396588,20.36770536057034,-4.857723359297191,1
4.060006475148372,0.6238914582750348,6.056873459749794,-1
-8.237895921545457,4.017984696253023,3.648271166816313,-1
-4.986281524432478,2.333780408902814,6.812523273123984,-1
5.051872980728281,0.9796180701774637,4.962913944363564,-1
-9.554242567878218,4.624707841698904,-0.3328456477986067,1
1.6246048330079956,9.407055390141503,7.515029856254459,-1
-2.9014745432430824,17.733828062253483,7.600091592952843,-1
-9.391212173645805,4.595710329213072,-2.12669815948796,1
8.369544929970624,10.4200831575248,-8.373368154958,1
0.06146302538330832,19.618624106278922,7.899230924074737,-1
8.818820973632414,14.032531986430383,10.294170893395512,1
12.362841328905905,16.691149716842805,3.5717663437552094,1
2.4272672152891754,11.49992127282441,-4.55516664927895,-1
5.002681226623402,20.664175651029826,4.968794254217164,-1
-7.7311937798450705,12.421120157389131,4.324817294685987,-1
4.723237160919765,0.8770781517072999,-3.204019331852573,-1
-0.9876967362189194,4.039991483299583,8.047884773111631,-1
7.576570824131621,8.372165536685207,-8.914567988192275,1
1.5198651085635455,12.79298581016778,-11.005352393377326,1
-4.409380517461603,16.203753703549108,-9.5908106119365,1
4.597200289120796,8.910831502546953,-10.512894050487219,1
6.142175779988843,14.966778965636516,2.4073561327332706,-1
-0.6406468902407059,16.631211797575006,7.917679056449592,-1
1.0231429914356804,6.693091391080157,-11.209028238319165,1
11.811456998008653,20.664590025771925,5.4841299593518285,1
-9.06221067417234,13.54618008144814,-3.8651118641575803,1
3.515473646611788,18.716960587345827,6.67197374107049,-1
1.2352399562962244,11.664661294719558,-4.743081262383299,-1
4.636557508284549,15.503325240979516,-10.353865247246793,1
0.16960424910917662,16.211681394172516,-4.946719159673617,-1
-2.9422810882451778,19.18244985152924,7.628414930597297,-1
-9.401784756908674,3.056589406720479,-2.7711642355878774,1
9.066637345026054,11.780638844798325,9.918091362890465,1
4.158603581240795,8.924304359464333,-3.7028685902337686,-1
-5.372710872423687,19.335712091331096,6.558138967102724,-1
1.0206241872548507,2.15804033735348,-4.738750253291405,-1
-0.758968799821867,20.71040580894776,7.81196128053652,-1
-4.28043693529671,18.273570532779782,-9.650208787487811,1
3.652038089755883,1.5696135238526805,6.410313435111465,-1
6.43823032516638,10.275952309941704,2.6565344288130786,-1
5.168543561756204,14.98402848666719,-2.7760572465731617,-1
-7.487338952483416,15.379830099236736,-6.607509287210752,1
2.8445185267247024,18.916087797544737,-10.880901017250412,1
0.41752509887521716,16.63379454546325,-11.175593656326845,1
6.294025690105802,6.619154706600806,12.17974932868178,1
0.0009516926537383036,10.442965186848378,-4.736661754619494,-1
-1.824265776961229,14.75336621465956,-10.640243607945797,1
-6.10585648590185,3.0249926050995395,-8.422341564427592,1
-6.738539016672992,3.9517950339109884,-7.576293772638507,1
4.8873789008375255,10.007736842775753,12.940964091901723,1
0.7756278758853848,6.2886333264851455,-4.887294308096522,-1
3.1774381188998415,17.931336290257956,-10.976194762934469,1
12.163701856668702,12.25395290063329,-2.2500538997827504,1
-9.422739067544486,7.229479844775675,-1.030250406510578,1
0.0015514359057755278,17.858445781909566,7.971765267600753,-1
11.190837753759892,16.85986583300263,-4.838479160671194,1
4.5168578448593495,21.166267347022355,-3.5107361959110723,-1
-7.4138623696292205,17.88725059221537,4.514448418250637,-1
-9.3720610472713,8.618263382491742,-1.9333329306016231,1
2.894986847586983,2.638745173424073,-10.95988596554104,1
4.220418284749086,17.618700620918492,-3.6761867233389,-1
5.651793768752527,1.5855737120793298,3.5019124230097916,-1
-5.794649938529873,7.204675389844124,6.174821332990801,-1
-4.175730699999434,19.33485156623721,-9.786141178327345,1
11.300464155546218,19.96765272881096,6.417454459503352,1
-4.6716201240082995,13.451162719824994,-9.620910153709037,1
5.808404698800596,14.652603712848885,-1.8456790643161456,-1
2.731184614097451,0.8506987200685614,13.864120004367598,1
11.922414669430877,10.914542605027709,4.451225257614946,1
-9.284648723186686,11.477620232337845,-0.28614212710082837,1
8.936948071828704,7.0998657969237895,9.89839905429029,1
-9.079264113167664,1.4153678939369316,-3.642313451510941,1
8.862308875349871,4.748369329694274,10.106355011373827,1
12.635470376232607,7.455056846896141,-0.3440536575271651,1
3.914091643325297,9.004962275610474,13.474365989370538,1
9.225583202615576,12.560141309099897,9.898606519798026,1
1.5884355234136165,15.130914253083619,-4.773356240758911,-1
6.3981082615739515,6.699646769829445,0.4651428738111047,-1
-4.0524688708635965,6.820375773154667,7.102595539560868,-1
5.965818033263406,0.525223553139313,12.145988535858262,1
2.365478353554907,0.8310164841836014,7.166727060272682,-1
6.255095256384044,5.405152313693484,-0.49341068745022354,-1
11.390933606060354,15.362247287644495,6.3178433054866,1
-7.654052151675599,13.234188058966117,4.237899185558814,-1
10.297491373811969,16.346720004716556,8.515568348406955,1
6.281259172832727,16.060400401911263,-0.5324935157677798,-1
-0.5647389842542667,17.942093905685077,-10.717296530534806,1
-7.540215696255381,15.012872189903053,4.805646466469916,-1
3.523514913653532,20.572145516441317,-4.152627528691458,-1
3.29632206277877,18.881732025128848,-10.819555115040606,1
5.242952938314279,12.391568600837365,4.989619650471025,-1
1.8486787445507051,12.406458434994697,-4.828152341232785,-1
2.6674132605646284,0.6383562427782592,-4.2666385711362835,-1
2.5955104877876862,20.991552936781876,-4.539025510798495,-1
10.028991597767451,2.7302658340167305,8.541637799911918,1
7.425784057537541,15.43818783152576,-9.177114836159195,1
10.939673575470767,17.228633510314225,7.295107432161205,1
0.5506669409754438,8.214311136905978,-10.933146945624927,1
-9.288561123429862,4.365410211372183,-2.6037806911490127,1
2.1690629926817,2.0879402823784208,7.129087746663787,-1
0.283977058184605,15.89461184322221,13.951297904575684,1
-2.1970248700019783,9.50118577690498,7.941820417073694,-1
-8.931233507836618,14.9827591050797,2.4834155083941316,-1
-3.520192020955789,19.028603447124837,7.689898996147002,-1
2.715538958854485,2.982247902577762,13.749095251031326,1
6.3203869437002655,19.224241088801143,0.47181475369868914,-1
0.4052212297806533,8.654907552843714,7.796935381074703,-1
1.425805250465781,6.412005661328998,-11.087669962299158,1
3.0448091786883515,19.746413237519175,-4.383985359388229,-1
-5.62165847528555,20.744804224781003,-8.847725442091026,1
-9.043931963450271,4.160121259555616,2.0106204680607536,-1
3.5027347774922326,13.65546412092342,6.5882746870527304,-1
5.348053906785819,2.175137733155412,4.437748742063126,-1
-9.50041256988232,13.631065094026791,-1.2116865740244271,1
-2.6789769118987135,17.248682889985556,7.767153898572267,-1
-8.224107813125677,14.341445687678965,3.460428051606888,-1
-0.20595871653724696,8.68051526696106,7.870971331483418,-1
3.7547711642305526,8.167931790040107,13.13602302422187,1
5.636532607268658,8.231190339977847,-1.9598231594900066,-1
4.420979003743185,12.36499361102573,-3.3686503989348986,-1
-0.6994180747855853,18.555715482224546,7.962579194351654,-1
-6.799034325581361,19.566086134328188,-7.778928560875354,1
-0.8081873884953612,0.9504978439236651,-10.928013537042203,1
-5.029270373148886,3.776391876648701,6.893679283731964,-1
-0.04202170368204092,2.2658073997688493,14.078753836899718,1
-1.4085146479861086,4.045510431685871,8.002909186048642,-1
5.768732724610161,7.225130770672716,-9.965518061971999,1
-2.872688291176707,10.65287228136088,-10.458316155903002,1
12.040014740358071,13.120639842635981,-2.3310139094592364,1
2.951431667049338,15.318209877781712,13.579290911146028,1
11.304840128538117,18.63322640220971,6.810606164943052,1
9.335911038185209,20.879116318872693,-7.370977924020914,1
3.4186229912929558,13.95678641562757,-10.874951561443385,1
-0.15426110794222717,17.78954376278159,7.970108376016249,-1
5.8461445166757215,16.310183957337674,-1.1972904689904382,-1
2.8550867603151184,6.419701038383596,-4.16670803956058,-1
5.234451801145829,18.445637963783145,4.4349812725347855,-1
-7.134236650812162,0.9757692902831543,5.237728989564123,-1
-9.574840276636138,0.009228897343499149,-1.9266009621624645,1
10.028064569092678,5.862550011705359,-6.36486103881268,1
5.143978172743472,9.831463624927965,12.793419442486794,1
5.129021723405587,13.239150991075332,-2.6555798812218914,-1
4.952819169165183,2.180213485913746,-2.9587008998853452,-1
-6.803413389782069,14.128952617682536,-7.759631164887581,1
7.832741369967797,16.87696208965041,-8.705293650264196,1
12.54886453323291,4.003168963969377,1.8142648780962707,1
7.606181327645163,8.625576535158526,11.283166175271914,1
2.1450113071994834,10.75765737877725,13.787926811744553,1
-4.884289847996673,9.598566527059198,6.781083171006658,-1
-3.5311463969103856,16.69658008416484,7.617097072397765,-1
6.237834687576733,20.102348409113844,-1.205912603639482,-1
1.9508547470217605,16.798478533513745,-10.818814907079704,1
-1.107601132936934,1.5692389932761803,-10.953165489961581,1
12.45040399633761,16.74442595251011,3.497650356835456,1
4.574953167623568,1.4019419536881472,-3.332557729074027,-1
-9.292345082053378,4.877229624176784,0.27551936015458584,1
-7.465347411180586,3.274820821337206,-7.027494050196566,1
5.304408383074865,4.097293588159928,4.538458767097236,-1
6.417039096397548,11.025773054332282,-0.02515644376944759,-1
12.255199219411443,14.084486955916907,3.059512057364784,1
2.7090486975016357,9.981962276740727,-4.410657220802447,-1
-8.942135966238144,20.244398827777886,2.567065708534382,-1
5.057395075438464,4.936816102387527,-2.779296483518015,-1
-8.392634802602817,16.305915600259343,3.58638249341872,-1
2.7435755132262334,18.241248116191617,13.725527502376497,1
-6.573916007697273,11.688146752953152,5.90929910272985,-1
12.384059427586973,9.669495740197494,2.802227949539508,1
5.096427405448768,12.483706136628681,-2.6615780135626683,-1
4.028655998657186,9.220377124151167,5.967398773877155,-1
-5.250977084050828,11.743812364338911,6.6079808448307285,-1
-4.8381675257416,8.735741010073957,6.907202324296124,-1
0.5406234926774925,8.567394603950035,-11.099556237512521,1
-0.9957802731814189,14.68718735207717,8.022965582670698,-1
4.850049107899613,1.826985954733838,-10.393495928543118,1
-2.642686024065824,3.5862229382624777,-10.225107737678993,1
-4.988873953937047,17.823519161820236,6.936867615313949,-1
-6.853721123073667,16.184291654594283,5.2923201769527015,-1
-5.0663199508185475,5.923633718104015,-9.376301543372213,1
3.3518051353682545,7.834737984754338,-4.210903351275018,-1
12.311239393231942,19.31322241130902,-1.2766694389886089,1
-1.4044964559963178,17.216400129743114,-10.722935154909804,1
6.273100122918734,12.762448949705263,-9.828709088994794,1
-9.199692750171176,4.393773492185185,-3.4779749469207686,1
5.046840048501329,0.8456808371835184,-2.879005534454609,-1
-5.288074619840729,9.0895240258287,6.669072123784516,-1
-5.2831887157433775,14.098181811049702,6.664932973217566,-1
0.8055168293212162,17.524803394936892,7.786857771336737,-1
1.3690637440288211,17.924844470130825,-4.890960364469855,-1
7.24035484746709,0.611662961965923,-9.412331715310073,1
4.855895515369827,5.083339355526517,-2.8880435976521444,-1
-5.453675957271171,6.977332222098546,-8.744040963561462,1
3.751934043645522,4.071956152617696,-10.72153521680692,1
-3.195373623921594,16.724372937032296,-10.198896880742877,1
5.065026275215665,16.024740261571868,12.640250548653816,1
4.487349064579468,10.837465225957525,-3.4081573575729736,-1
12.415371542061393,20.64169136436205,3.8702299227642705,1
1.3344416962096362,2.8749643265567086,-4.7957089897521445,-1
-9.275250086455058,18.802132190359096,-3.013942375354086,1
-5.3008254596778785,2.472232397624171,6.649922721819088,-1
-9.261069068872834,3.539788151696234,-2.0997231001264516,1
-2.5012660569456338,14.655503561472013,7.7312447726933575,-1
6.411975782558087,2.29838255671639,1.4481452440765414,-1
0.8346470816112015,11.726506130405916,-4.733714562851967,-1
-9.515453958107344,8.763170031270517,-1.6201328786242033,1
12.661987507977226,15.350102700492418,1.0707140042212093,1
-2.9223249989569036,19.02227468197166,7.5687529654595345,-1
5.827988416921422,16.256239398865688,3.4327773925737457,-1
3.6884870833191408,17.857294569289515,-3.8514283211458746,-1
3.8558132038300776,0.8123144658207978,-3.9843914049647147,-1
6.024737135841983,6.802251534444662,3.4395055475741585,-1
4.5179053853230595,10.76470862887471,-3.2949541777329454,-1
4.14215682515534,8.658708027690864,5.670697857147403,-1
3.2562396600659667,5.008202305151429,-4.333853711369772,-1
2.953007466563761,6.488902509699032,-4.364169909711332,-1
12.56287911242357,19.865281147066447,2.6477351192101914,1
6.2529514735981255,6.217035910064295,-0.3212530397426811,-1
-8.419721031040078,7.366537663257004,-5.451811695074494,1
10.082617016101851,-0.025574279724666485,-6.626488373592071,1
-8.2273343927768,17.66891542188053,3.6150289747570334,-1
5.942780276745223,3.3762493971162106,-0.6652884802350082,-1
6.3373412339621575,4.143365719319789,2.1769671244662008,-1
-6.9410770107294075,5.410420323497392,5.0807368170538,-1
-9.261393291626224,18.52129444773914,-2.333680759309661,1
-1.4126060816576784,4.300142947301075,8.066348720678443,-1
10.565420001672488,16.82234867588757,-5.527959811501959,1
8.39832437113064,17.053435038116785,-8.33511802191223,1
8.569419320448818,19.501729598301008,10.351982645587894,1
1.3328506902957933,2.2394756193699927,-4.994646651741286,-1
10.897670342629189,4.719954889962037,7.312483136673993,1
-4.39668938497507,15.731883785415105,7.0956429552246965,-1
11.954348778794715,4.125159523214635,5.366471984867558,1
2.5059079335018453,6.013946266038371,-11.017643465332752,1
1.7403656171577941,3.6817181032006308,13.985690208595976,1
8.835528175583523,3.721352836385408,-7.592591119783022,1
-2.456186789193123,10.109691006834828,7.683734961963452,-1
-9.466450381713605,2.274110436787015,-0.09912547392517654,1
-3.309370393312349,6.736296276634963,7.617467275985212,-1
-2.3571451109395176,9.076195307016176,7.99407737251937,-1
4.625299530537975,0.6195096254741982,5.5739696583919285,-1
-9.329362994871358,7.993654194813623,0.26237530761458616,1
1.5146990718811117,2.0230353976824627,-11.05706357589235,1
3.5369835594311785,10.451561287207472,6.326446008764455,-1
-9.345113206556219,17.18985564310185,-2.212258796413631,1
5.018306782814221,17.1865689306737,-2.790839957890849,-1
6.271351493584063,1.5117144656477588,-0.43269504707332646,-1
2.1815579362772266,12.638732194759063,-4.729490020151708,-1
3.6577481742649516,17.31799057120467,13.311226826416794,1
0.20146197593001564,4.92924884925655,-4.5335330214279335,-1
6.3549069209637645,15.939350148992068,0.6333473724195511,-1
-5.096912129999615,18.6351662934377,-9.025059412167957,1
3.79364669101603,17.073759981946782,-3.8294132788517463,-1
11.725485286505377,2.306872718799505,5.823469169498049,1
5.593937437397248,0.15030310393774282,-10.09228640615124,1
4.354662150250808,3.932898524269348,13.198238835924395,1
-9.370948098406016,5.656146528194565,-0.7278194570631138,1
2.29938220760198,12.836931506105218,7.128586741391118,-1
-8.67241500997311,8.167044680503652,-4.523813534211972,1
8.239789332267955,14.971224244045722,10.74620589693285,1
-9.491234653355914,7.519894160761991,-1.8914396921952028,1
4.110895188933716,3.276102952301121,5.847415127134007,-1
11.89871671740586,6.549923834877423,5.379753092979332,1
-3.0536363987323276,18.530298125225688,7.609745210825648,-1
-0.03573033122847501,20.303707686415123,-4.651488641172085,-1
5.114245497314453,4.300173854662584,4.8207296539616245,-1
1.0329773712738595,16.713945983202844,7.474489731542671,-1
12.346385752078508,5.6271695431352695,2.8990449258853954,1
-8.35500192022013,18.60013924661974,3.3945207914518525,-1
-7.708531009131437,3.305052209449286,4.503840377179742,-1
-0.2262031480515098,14.001081712698022,7.941573714469501,-1
11.700733633456455,1.6420637967892122,5.591557125314588,1
6.830158183191609,20.618264744130304,11.893486374116229,1
1.1078846379817868,14.754527464617507,14.02731120229298,1
-3.309343151938256,17.73187020219447,7.55503247541728,-1
4.580722907477503,11.928323971540204,13.206227761656686,1
11.277569750168036,9.90357456106695,-4.518059982376263,1
1.0543036499921248,13.07194204805505,-10.938969003527971,1
5.141340029441233,11.287279814475184,4.6887305773125965,-1
5.886221899123781,9.857926950648844,3.1104390890571336,-1
6.198070436270707,15.846753660448016,-0.2495367050782662,-1
8.895379876073894,3.556985788055127,10.0295216098061,1
2.656565885241238,3.523280312219121,7.013674065432853,-1
-7.985513929326935,8.892472773889741,3.8581508952988424,-1
-9.36465084282279,6.818757973848125,0.5109456900292793,1
10.500991827680124,1.6347316027917307,-5.854001070108323,1
12.597655194251427,17.646312158071368,1.2900809070137522,1
5.7772219831257825,16.265057071428288,-1.562770343466242,-1
-6.739759809166933,11.364706030566982,5.529264989156224,-1
12.776588632202031,20.561253854274263,1.2376275169678217,1
12.21645008992798,1.5617969526562092,-1.8143138116909983,1
4.7447105950320925,16.05565932068143,-3.315306010242299,-1
6.054635228262561,5.635598558656345,-0.6094982486253547,-1
2.009189625234007,7.572004513768329,7.4662195555205875,-1
3.5360097489984748,4.616614588063215,-4.141528337393812,-1
-6.576095897539488,16.566300518460395,5.742369085643996,-1
5.010802830876953,2.8244028288280756,-3.05284801074554,-1
-8.062593468971418,17.459381633167688,-6.063747782895579,1
5.049737253894482,13.70717825226382,4.755173751573818,-1
-6.286516957061613,1.2809188340438045,-8.27284241781483,1
5.170499015121157,17.043012326290388,-2.6111542146907682,-1
3.158281898453789,13.210265797139972,13.62397270265709,1
8.003679693579038,18.871990861894357,11.022579553135502,1
-4.5947354349200475,15.83706581564803,7.205220083894401,-1
5.347789666741265,11.881823598007012,4.486727419326394,-1
5.0404300441390975,17.490794489500818,5.094181026528504,-1
-9.062318680338176,5.956661031971044,1.4900849028048897,1
2.0532260545506342,11.46085905905772,-4.592213636360649,-1
-2.8197103312834497,5.9883327134706095,-10.187579036068335,1
-5.506117026168511,20.169022736285594,6.6325504730945415,-1
-3.29607316063385,4.823494666467635,7.52688326176286,-1
11.985040177071035,0.3200981520128147,-2.779944373326139,1
4.469915158484441,6.931074176725114,-10.38262597996441,1
5.768822316560913,10.543860023892657,12.405967881944099,1
-1.5224320206198223,0.6223887081676545,7.892166868302523,-1
10.8570375093027,11.95656694301007,7.556630223085044,1
9.805579173542897,18.499623182738976,-6.623665781248512,1
-1.8843031005015887,14.756093355889032,7.895916038778243,-1
-4.527888705960183,13.119831655014702,-9.9240536007657,1
2.995964741611416,20.124641309179456,6.814377750563817,-1
11.974880872912344,20.200005127433833,4.858089738522033,1
5.089092054502532,17.316696744286602,-2.921358864927751,-1
6.0995875919547515,12.71322561005337,2.8097459603982786,-1
6.206775065393676,10.242693467728191,1.1010996372701487,-1
-5.110625933625123,0.2316096672279759,6.626960051788198,-1
7.905685393451804,12.89983675888135,-8.503988053871042,1
-9.319987503833818,20.89492220637746,-2.330308000335802,1
-9.149318706322234,17.159760548616667,1.1721650573152842,1
0.166534903930911,7.1955267476407725,-4.798942984370602,-1
-6.457312820212185,3.176441599509294,5.614019982006829,-1
2.9873288190806573,16.58455501740706,-4.425001725411536,-1
6.200054314130634,15.72758228490837,2.549840350746657,-1
7.923645900076588,20.364843714836873,10.844823574174393,1
6.149908300438148,18.45881602768757,2.9572445358696497,-1
12.329699493610208,11.734972211524713,2.971287072646672,1
11.597075812939055,2.2443753716404147,-3.4958939923566574,1
6.2797475367580535,10.206626963396081,-0.4132012849076818,-1
-5.715012716326024,6.60278618738011,-8.91339973207202,1
5.222627199555198,10.702855560161712,-2.63445264490773,-1
6.353776015084091,6.178557993683398,-9.529287202127668,1
-3.0765993906961104,18.095497993436837,-10.209551873428293,1
11.84224297956316,17.65676174029885,-2.570964695307646,1
-9.16645976903149,6.630769207203887,1.886644158146631,-1
9.589664900043863,12.705257116272604,9.496435841346084,1
2.2000037913936956,9.051080477964172,-4.651770644858004,-1
2.714745327747549,19.049447730488865,7.0085432458459325,-1
4.897211025525374,3.849266067466614,-10.051416690486963,1
-6.184207937334222,14.509282916741753,6.137858132462822,-1
6.340377055612615,20.511162418117298,0.5305251170599307,-1
4.799463503663606,3.503116808931969,-3.151148767189551,-1
12.414540984905015,4.147816694285161,-1.840914583665797,1
-8.729634194086453,14.33686991874708,2.336028935932611,-1
11.722249036823671,16.330618257448222,5.855767028625057,1
6.648212995677224,10.26730169469653,-9.32748427457012,1
-5.76392060605331,12.7629863260266,6.461655333591482,-1
-3.002740616375331,4.460017595050763,7.5181966669447275,-1
-9.531240671906676,9.926772292472071,-1.2990922353503154,1
11.278364990418183,2.2621439343243446,6.6019473691060595,1
7.2900720563473715,6.931643072115067,-9.290547545782463,1
0.28221494730859126,5.946967510813703,-4.679441423443959,-1
3.01496458651807,9.427898424645496,-10.823709290585137,1
9.160499444631066,19.448976502852336,9.763618118196902,1
4.713226827784458,3.967893764579899,-10.479124134910418,1
6.294946993112781,8.580571392219909,0.7842102252974413,-1
-9.007880234884208,12.950643469524266,1.491235057133182,1
5.860268334887529,19.767745648257087,-1.56238207398836,-1
-2.025062005749002,2.8048121608238974,7.705931440233889,-1
7.402402308817892,19.28013940685949,11.157881478135687,1
8.84357015553825,1.726091952724242,9.822936443164705,1
3.3546714567382083,9.997747278745587,6.532101435025982,-1
-0.3836503919711662,9.394087198222207,7.912296774539653,-1
-6.089115949426506,4.41789361015931,-8.521886722583666,1
4.644689425137164,7.295623898799426,12.91449288949538,1
6.1168354910179685,9.537678137508298,-0.9245079510494727,-1
4.68254474636182,18.272120779008308,5.3729497672919475,-1
11.968702922618307,19.90883100454162,4.944421648526974,1
-9.263623477690404,10.99850862297925,0.6951549780660522,1
10.69319376372223,18.197772842181127,7.6273965335258485,1
6.425029985903311,12.73208109262736,0.9219363348652242,-1
-9.334673808210248,7.248256245416057,-2.8765819596250557,1
0.4957586208204733,4.087040345666775,7.880212843214997,-1
1.227985351994732,8.485248419958069,7.565334933285126,-1
-7.866171292035526,10.922501369372084,4.252681801389953,-1
-7.103392713952194,0.8817354989221445,5.267457962271456,-1
-1.731634053950819,3.1890575035241846,7.800612229207448,-1
9.620394598022438,12.618942717988961,9.199672638264756,1
6.730221646672124,4.794585319370034,-9.461241672864602,1
6.216461110328931,17.584447779145897,-9.777187717071152,1
3.0475256390182937,6.760897208111732,6.891153595862477,-1
-7.485670434254583,2.2922388391365933,-6.883641516379325,1
10.61994691164027,1.6695982254549009,-5.738592371703488,1
11.373583089285912,19.626959097090097,-4.186890112796334,1
-0.8556584567122837,2.496636513960419,7.9218170645268,-1
10.024913408351916,3.053658926347971,-6.738112247574189,1
7.011054184282592,18.095848762259536,-9.361272403598152,1
5.854253442792036,5.491103209022551,-1.5100212371706905,-1
12.462985316340578,13.92783178433753,3.7516689257149647,1
-7.354109674889407,17.217798356323183,4.7941029701788995,-1
-9.09655757813514,12.751155072829105,1.2216620772319824,1
-7.806800516481235,20.26192659622608,4.286829670750536,-1
-8.177789977072397,14.907981485803766,-5.83182068347105,1
-4.342222750961946,2.1800504261712152,-9.479438063609619,1
-9.44214780925871,11.835444078444429,0.20636208303362344,1
12.140766623423124,15.073762196538809,3.9536223772089953,1
-3.863891006985174,16.78579585673551,-9.846224108602506,1
-5.074160316749165,0.675044517158006,6.826500705630426,-1
-6.165311262114983,15.063326357096962,6.081621338594946,-1
12.022673874369058,17.39929591572467,-2.6511631116676044,1
-1.036615865013683,15.606671697712718,8.0236852606505,-1
6.131143949877532,10.675719046084762,2.894866310711935,-1
2.822333386576539,9.799498400923222,-4.495207132433736,-1
11.944157021931266,11.459086975569864,5.034945125674064,1
9.217122439304095,14.739040581716896,9.689464495814125,1
5.154015282518121,19.210368024095423,-2.5459910393327374,-1
-0.05347275363207415,13.120737647864408,7.9246431280015095,-1
6.293115967460368,18.684320264282373,0.6953521514387145,-1
4.9517378957496865,14.750171759705536,-2.7144415606730803,-1
10.644186071375682,1.532577767273662,7.743945386157244,1
2.5714149555136796,10.384458333100632,-4.31327586331921,-1
2.621679410924666,5.9621086364281215,13.680605434286544,1
4.4869364093891315,5.979529717659068,-3.440329541805754,-1
12.385204963750217,7.319631470462822,3.506935312289296,1
-8.207336997920647,6.740530924644986,-5.966143584325378,1
-2.5461155080975555,12.148966677439766,7.611353014700291,-1
-0.6413024720134786,14.323302643799149,8.202814665804132,-1
8.899437395285013,5.667359677568273,-7.721018347079925,1
1.3049996241243997,2.649756845502328,7.552897241142557,-1
-0.8704401179362274,1.2394944400050008,-10.970877391215156,1
-9.507883251879386,12.433563600341845,-1.7411998152203887,1
-9.159681654636223,3.96920169601763,1.3351472741867276,1
10.701325978126192,0.3610389846611194,7.864118173347102,1
-8.459511534359338,19.447306353552193,-4.84564817754404,1
12.648508367955916,11.20479190173496,-0.6930549171566978,1
6.1784847017041535,1.972382144123594,-9.714646185667622,1
1.6535863445539447,17.56717286033479,-4.748531279759467,-1
10.048447821365142,20.4165617275479,-6.388371494251616,1
5.959240491358193,9.493773152874274,3.038106880510794,-1
10.628636565462106,0.9564155874985445,8.002065364193728,1
1.9441265322056152,2.5518498780526406,-4.737714953015082,-1
0.05795242612100443,8.017545666873074,7.928391915315354,-1
4.574557217701122,18.793812656414385,-3.2732170465598887,-1
-9.045952866017812,3.1000794461272414,2.0955272584673343,-1
12.38132983958385,17.248395499977548,-1.5244077925895203,1
2.486364937558013,0.013851593098675452,7.274544580809699,-1
5.942029271814215,9.600446087736707,-1.08652642832388,-1
0.3483946915498348,13.615527738467899,7.6963082904979725,-1
11.966836569380625,1.2686552423914743,-2.258934834255955,1
5.792178569166152,13.022439936390896,-1.4097619657615799,-1
5.861047063073263,20.06197466748622,3.689564884724202,-1
3.1206272148615275,3.3481233020307766,-4.181257534315807,-1
4.1228007836150695,15.444964399701739,-10.903590425605096,1
-4.77743821530547,12.63238659929641,6.808772933558313,-1
1.5986521862101704,3.990576076899504,7.4141261378344865,-1
5.170943659356978,0.13662075693536352,-9.86868377053171,1
-0.28058763327789654,0.17283441078976222,7.876449371007999,-1
6.147388054671861,11.157600700611951,-9.92918392311151,1
12.174692510605633,19.7827372539512,-2.144192513395033,1
5.955983051455108,13.499390885843336,3.1889022649591645,-1
3.3254584812986003,15.020164069183584,13.565904473712079,1
6.31722140012576,10.35374601192464,-0.20637847019598182,-1
2.8171481358341723,12.104088547429646,6.840148744411013,-1
6.421375294282985,2.6954234208418852,0.8586137572292157,-1
-0.7492495902880985,18.352446233574298,8.031684277936725,-1
-9.060331462819573,16.08144386348205,1.6701339822346564,-1
-9.509900540801317,20.958795313079563,-2.0112187710198386,1
12.400347758730618,6.264884294000168,2.4090961457638604,1
11.23517601028656,4.562450016392749,6.436724245244057,1
6.014595774354426,2.5027268043713895,3.149685413989732,-1
-4.227644929312484,20.342366328287685,-9.926999358283245,1
5.0951914350630485,16.325207204585876,-2.855046727687192,-1
-8.293661117871745,3.4395731222125177,3.378800190076227,-1
0.8161222029287413,11.578621896545664,7.674796388753577,-1
1.263049057121873,8.825506628695546,7.595263687838272,-1
-8.950644260244328,3.2186199637102075,1.5651486497746994,1
6.641009148174661,3.5345591459676076,-9.664398149220146,1
3.2248671490725966,20.20609510989578,-4.1465638335108554,-1
11.903036252622856,6.425565468488806,5.28342698734647,1
7.0298379029638305,19.649900779825213,-9.320221364491443,1
6.462137139567293,1.7056272578811096,0.5801785298789748,-1
7.425333311138253,9.687728708526487,11.4794258799782,1
-9.564907525034176,2.7264129287315897,-0.6133974089339428,1
-0.13646673867941483,0.13436664398718154,14.242212914300877,1
6.357505996651096,11.77376675521964,1.8452367469031632,-1
-9.040376718392444,2.3703266903897724,-3.1616144804481747,1
2.864368868161292,15.328819045382764,6.827344468875634,-1
2.038007130290272,14.575291631404511,7.364542771127566,-1
-6.826085187285789,3.7452095175511815,-7.696005735781654,1
9.13084220430561,19.97750686469334,9.854581251022083,1
11.643332691018141,15.092930103956421,-3.3574907146874144,1
5.7024231216489785,6.281901132639871,-9.993278515953314,1
-8.432378050670234,14.981659549250248,-5.266567293204678,1
8.954195261997505,15.356745861422384,9.966524524052026,1
-9.376521617624045,7.03671762865374,0.6868379850839684,1
11.986152569479268,7.781763875783748,4.750530366933216,1
12.62594489684826,7.599329919604686,0.15639376093738566,1
6.032439198756164,13.03813884659248,2.8756581029094535,-1
9.876691486437567,18.987068610775864,-6.78277852670863,1
0.4597689119830735,3.751701162187125,-4.779840599182937,-1
0.8552926671272935,18.38639032605629,7.771759122040704,-1
5.650249921995592,0.6015396036832932,3.856051095416916,-1
-9.608143768392889,13.715223649626918,-0.6003459081606499,1
7.171094762768248,8.734949232353811,-9.175599992652074,1
4.534069157517791,16.67818067542148,-3.5153466262161315,-1
-9.338078143365921,15.086839242067365,-1.1876596160462485,1
7.456330419532383,10.146664119938356,11.303668655464119,1
5.662640467157377,13.33955588672275,3.933933836555714,-1
1.1408472486262669,10.612345704478303,-11.095690611290335,1
